"","StudyID","ChannelID","Total_abd","Taxon_modalities_n","EPT_rel.abd","EPT_abd","EPT_taxon_modalities_n","Gill_rel.abd","Tegument_rel.abd","Gills.Tegument","Scraper_rel.abd","Fast_flow_adapted_rel.abd","Slow_flow_adapted_rel.abd","Fast.Slow_flow_adapted","NonEPT_fast_flow_adapted_rel.abd","Treatment"
"1","beermann","beermann_02",1217,21,0.0788824979457683,96,10,0.343856292517007,0.643388605442177,0.534445729390385,0.396831695641219,0.495462884227765,0.504537115772235,0.982014739330761,0.503689344890003,"Flow reduction
& Fine sediment addition"
"2","beermann","beermann_03",696,23,0.227011494252874,158,11,0.5670135851483,0.413023648774944,1.3728356398722,0.38095375167914,0.501533157880308,0.498466842119692,1.00615149394406,0.523870501707381,"Flow reduction"
"3","beermann","beermann_08",591,20,0.241962774957699,143,8,0.588135899521099,0.383943254721243,1.53183026993952,0.375268817204301,0.501182193307431,0.498817806692569,1.00473998037588,0.533256861772487,"Flow reduction"
"4","beermann","beermann_09",421,25,0.218527315914489,92,10,0.48986388986389,0.478858078858079,1.02298345061246,0.385254301920969,0.48845869679203,0.51154130320797,0.954876358426613,0.517125547063819,"Fine sediment addition"
"5","beermann","beermann_12",535,23,0.164485981308411,88,11,0.540002061430633,0.430313337456195,1.25490430908525,0.373112073112073,0.499960489246203,0.500039510753796,0.999841969472624,0.521923287440529,"Flow reduction
& Fine sediment addition"
"6","beermann","beermann_15",898,23,0.179287305122494,161,12,0.455135520684736,0.534878744650499,0.850913455127351,0.384300206054842,0.500283042365781,0.499716957634219,1.00113281072998,0.510606708272777,"Fine sediment addition"
"7","beermann","beermann_17",567,22,0.299823633156966,170,10,0.61202216586832,0.365436273128581,1.67477125526884,0.387990357221126,0.50982905982906,0.49017094017094,1.04010462074978,0.525999717394376,"Flow reduction"
"8","beermann","beermann_18",605,23,0.343801652892562,208,12,0.635073431241656,0.335554072096128,1.89261130784228,0.420623052959502,0.522682094644711,0.477317905355289,1.09503978120338,0.542048974061169,"Flow reduction"
"9","beermann","beermann_21",603,20,0.252072968490879,152,10,0.551431523022432,0.423479929161747,1.30214323052797,0.395902203856749,0.505137413091958,0.494862586908041,1.02076298846537,0.521145803630834,"Fine sediment addition"
"10","beermann","beermann_24",1231,26,0.0966693744922827,119,13,0.349016320143081,0.639447797898502,0.545808932785596,0.389546165884194,0.497244951188613,0.502755048811387,0.989040194353492,0.500716710990684,"Flow reduction
& Fine sediment addition"
"11","beermann","beermann_27",502,21,0.278884462151394,140,10,0.5553456347574,0.4084846526023,1.35952631566328,0.414077425842132,0.508517381311499,0.491482618688501,1.03465994925406,0.530693524650478,"Fine sediment addition"
"12","beermann","beermann_30",577,22,0.178509532062392,103,11,0.479081666336568,0.494180365748993,0.969446986446859,0.397034616315662,0.503971712141647,0.496028287858353,1.01601405499995,0.515112525976036,"Flow reduction
& Fine sediment addition"
"13","beermann","beermann_35",545,22,0.179816513761468,98,10,0.493728330493036,0.478534700593524,1.03175032005133,0.390975364504776,0.50963603390074,0.49036396609926,1.03930155789134,0.52243210386274,"Fine sediment addition"
"14","beermann","beermann_36",369,21,0.178861788617886,66,8,0.580662020905923,0.395383275261324,1.46860541969597,0.359637533875339,0.504695363917925,0.495304636082075,1.01895949916829,0.528142796558827,"Flow reduction
& Fine sediment addition"
"15","beermann","beermann_38",512,22,0.2109375,108,11,0.479825417149361,0.49874296282747,0.962069548669194,0.392057902973396,0.49747559430658,0.50252440569342,0.989953102118746,0.514761411811101,"Flow reduction
& Fine sediment addition"
"16","beermann","beermann_40",512,21,0.232421875,119,10,0.579020166825045,0.403083095766023,1.43647841575859,0.380130574033013,0.499085805793123,0.500914194206877,0.996349896978565,0.521784880118213,"Flow reduction"
"17","beermann","beermann_41",586,27,0.305460750853242,179,11,0.546814473706904,0.429164726375882,1.27413657297636,0.404869411243913,0.491249288560046,0.508750711439954,0.965599216892742,0.517440841367222,"Flow reduction"
"18","beermann","beermann_47",556,20,0.226618705035971,126,9,0.57729151014275,0.399229902329076,1.44601270289344,0.387132690541781,0.51330266955267,0.48669733044733,1.05466506068748,0.524712605562188,"Fine sediment addition"
"19","beermann","beermann_52",411,23,0.253041362530414,104,11,0.487285649673709,0.488097176455385,0.998337366367145,0.408142620232173,0.519726368159204,0.480273631840796,1.08214637178226,0.524132799671593,"Fine sediment addition"
"20","beermann","beermann_55",594,21,0.228956228956229,136,10,0.493744081439394,0.493471827651515,1.00055171090349,0.38759765625,0.508064391121032,0.491935608878968,1.03278636868516,0.518366595090733,"Flow reduction"
"21","beermann","beermann_56",406,20,0.177339901477833,72,10,0.562102040816327,0.414224489795918,1.35699857121742,0.379920634920635,0.515340136054422,0.484659863945578,1.06330268790792,0.525644307902372,"Flow reduction
& Fine sediment addition"
"22","beermann","beermann_57",495,19,0.270707070707071,134,8,0.599772408963585,0.385871848739496,1.5543305657638,0.379861111111111,0.502831271397448,0.497168728602552,1.01138957957153,0.52011788900475,"Flow reduction"
"23","beermann","beermann_58",647,21,0.12210200927357,79,11,0.516591607317414,0.471337801982963,1.09601140656248,0.368705197132616,0.502308947772657,0.497691052227343,1.00927863887576,0.517198280737473,"Flow reduction
& Fine sediment addition"
"24","beermann","beermann_62",796,17,0.17964824120603,143,8,0.499168960946263,0.480641378607117,1.03854762233089,0.401403759219605,0.494951735155161,0.505048264844839,0.98000878254125,0.510550002313851,"Fine sediment addition"
"25","davis","davis_001",347,16,0.0749279538904899,26,9,0.486371816168328,0.494940476190476,0.982687493881889,0.398062015503876,0.512226605758582,0.487773394241417,1.05013231924057,0.488462114405511,"Fine sediment addition
& N/P addition"
"26","davis","davis_009",337,15,0.0830860534124629,28,8,0.479285007771655,0.484258866751448,0.989728925330454,0.400148367952522,0.507753991804437,0.492246008195563,1.03150453909362,0.479900601017106,"N/P addition"
"27","davis","davis_013",393,14,0.0661577608142494,26,7,0.370535714285714,0.603954081632653,0.613516367476241,0.389413265306122,0.51650267249757,0.48349732750243,1.06826375890356,0.499258391881343,"N/P addition"
"28","davis","davis_022",720,14,0.0375,27,7,0.376921033406389,0.612917579863187,0.614962020652963,0.393886564388656,0.499810719266786,0.500189280733214,0.999243163576251,0.488726708074534,"N/P addition"
"29","davis","davis_025",364,15,0.0576923076923077,21,7,0.366195498792184,0.620028222238167,0.590611016818392,0.398895027624309,0.51447316495659,0.48552683504341,1.05961839351391,0.494445608155286,"Fine sediment addition
& N/P addition"
"30","davis","davis_026",401,19,0.0997506234413965,40,10,0.357757488960497,0.626130803198472,0.571378196269788,0.404344193817878,0.526775271512114,0.473224728487886,1.1131609144673,0.495291152672768,"N/P addition"
"31","davis","davis_029",498,20,0.0441767068273092,22,9,0.381338151096216,0.597590682167295,0.638125999075501,0.386626344086021,0.50781009984639,0.49218990015361,1.0317361239796,0.497920433996383,"Fine sediment addition
& N/P addition"
"32","davis","davis_041",383,16,0.0992167101827676,38,8,0.398996509598604,0.583333333333333,0.683994016454749,0.415488656195462,0.51034966342558,0.48965033657442,1.04227369064212,0.477446705426357,"Fine sediment addition
& N/P addition"
"33","davis","davis_045",417,14,0.0719424460431655,30,8,0.362167408929999,0.616592440333448,0.587369200851931,0.395483613109512,0.523686764873815,0.476313235126185,1.09945877261857,0.498871047126861,"Fine sediment addition
& N/P addition"
"34","davis","davis_049",414,16,0.0748792270531401,31,9,0.37683615819209,0.613478611783697,0.614261281410341,0.391242937853107,0.514591260232907,0.485408739767093,1.06011947885367,0.501514584891548,"N/P addition"
"35","davis","davis_053",356,16,0.132022471910112,47,10,0.425481540930979,0.544823434991974,0.780953082418797,0.409925093632959,0.536951578384163,0.463048421615837,1.15960135769481,0.493573740175682,"N/P addition"
"36","davis","davis_055",318,15,0.0566037735849057,18,6,0.472918538484576,0.491479484875711,0.962234544955973,0.383438155136268,0.517572626534891,0.482427373465109,1.07285086834386,0.502857142857143,"Fine sediment addition
& N/P addition"
"37","davis","davis_065",471,15,0.0785562632696391,37,8,0.429157820240623,0.558103326256193,0.768957646462085,0.402830856334041,0.514201615793972,0.485798384206028,1.05846711827658,0.49075797474415,"N/P addition"
"38","davis","davis_069",471,15,0.0530785562632696,25,8,0.395167323829744,0.59027398645233,0.669464236777199,0.389313517338995,0.508884339298352,0.491115660701648,1.03618023210931,0.495256779841982,"N/P addition"
"39","davis","davis_080",319,14,0.0501567398119122,16,6,0.345485175202156,0.645979335130278,0.534823881219792,0.405870020964361,0.511043725666367,0.488956274333633,1.04517265140495,0.497185430463576,"Fine sediment addition
& N/P addition"
"40","davis","davis_084",258,10,0.0697674418604651,18,5,0.336415651531931,0.658047249907715,0.511233276302134,0.416214470284238,0.51953211517165,0.48046788482835,1.08130456077674,0.491473214285714,"Fine sediment addition
& N/P addition"
"41","davis","davis_097",523,17,0.0630975143403442,33,8,0.367483123517606,0.616917533296844,0.595676251173726,0.404054916985952,0.505817825214377,0.494182174785623,1.02354526533419,0.489616807868342,"Fine sediment addition"
"42","davis","davis_098",323,13,0.0743034055727554,24,7,0.344935869084476,0.64046881910659,0.538567778468338,0.410732714138287,0.51515553589857,0.48484446410143,1.06251710402287,0.49435817805383,"Fine sediment addition"
"43","davis","davis_100",442,13,0.083710407239819,37,7,0.362281835811248,0.625436328377505,0.579246550565862,0.392156862745098,0.515621633268692,0.484378366731308,1.06450177935943,0.494532627865961,"Fine sediment addition"
"44","davis","davis_103",326,15,0.0858895705521472,28,8,0.437032967032967,0.54054945054945,0.808497662126449,0.395435897435897,0.523043956043956,0.476956043956044,1.09662926525816,0.492628667628668,"Fine sediment addition"
"45","davis","davis_105",299,16,0.0836120401337793,25,8,0.468296580377117,0.503899009268137,0.929346102619395,0.400503355704698,0.516450942793225,0.483549057206775,1.06804249764545,0.492865864294436,"Fine sediment addition"
"46","davis","davis_109",336,12,0.107142857142857,36,7,0.350928287981859,0.641843820861678,0.546750278768341,0.409176587301587,0.536961451247166,0.463038548752834,1.15964740450539,0.497984126984127,"Fine sediment addition"
"47","davis","davis_110",340,15,0.117647058823529,40,7,0.366129997453527,0.623403997962821,0.587307746902454,0.421862745098039,0.533140756302521,0.466859243697479,1.14197322533468,0.492194444444444,"Fine sediment addition"
"48","davis","davis_112",391,15,0.0434782608695652,17,8,0.340947288006112,0.639356295878035,0.533266490381369,0.384484228473998,0.509736938253562,0.490263061746438,1.03972128032194,0.498593073593074,"Fine sediment addition"
"49","davis16","davis16_03",178,18,0.235955056179775,42,9,0.370508658008658,0.554816017316017,0.667804545011216,0.482670454545455,0.559016504329004,0.440983495670996,1.26765856277322,0.504219971570718,"N/P addition"
"50","davis16","davis16_10",225,19,0.195555555555556,44,9,0.45624599615631,0.399615631005766,1.14171208720744,0.504035874439462,0.549663677130045,0.450336322869955,1.22056260891212,0.514132748071296,"Fine sediment addition"
"51","davis16","davis16_15",209,17,0.263157894736842,55,11,0.402551834130781,0.487400318979266,0.825916230366492,0.504385964912281,0.586300979722032,0.413699020277968,1.41721626347602,0.53514996907854,"Fine sediment addition
& N/P addition"
"52","davis16","davis16_17",179,18,0.307262569832402,55,10,0.438122448979592,0.484326530612245,0.904601382100118,0.482,0.560210884353741,0.439789115646258,1.27381707373664,0.489607728337237,"Fine sediment addition
& N/P addition"
"53","davis16","davis16_22",222,20,0.18018018018018,40,10,0.403116883116883,0.554675324675325,0.726761882463123,0.468560606060606,0.537045454545455,0.462954545454545,1.16003927344134,0.484431216931217,"N/P addition"
"54","davis16","davis16_23",102,14,0.0980392156862745,10,5,0.382326951399116,0.542562592047128,0.704668838219327,0.44639175257732,0.511131566028473,0.488868433971527,1.04554013004293,0.480883962780515,"Fine sediment addition"
"55","davis16","davis16_36",323,21,0.170278637770898,55,12,0.350223914017017,0.61820420958352,0.566518164366692,0.428787878787879,0.530523212419764,0.469476787580236,1.13003076287152,0.489930555555556,"Fine sediment addition
& N/P addition"
"56","davis16","davis16_43",170,16,0.235294117647059,40,9,0.396484593837535,0.584187675070028,0.678693869722615,0.448823529411765,0.527794117647059,0.472205882352941,1.11772033634382,0.477261904761905,"N/P addition"
"57","davis16","davis16_46",193,14,0.207253886010363,40,6,0.39172335600907,0.593537414965986,0.659980897803247,0.453174603174603,0.531399596875787,0.468600403124213,1.13401438268701,0.479266538830297,"Fine sediment addition"
"58","davis16","davis16_53",156,19,0.173076923076923,27,9,0.35911920323685,0.572720199190787,0.6270412738092,0.435294117647059,0.517366946778711,0.482633053221289,1.07196749854904,0.477229780801209,"Fine sediment addition"
"59","davis16","davis16_56",222,21,0.292792792792793,65,11,0.428231292517007,0.529635725257845,0.80853928859978,0.473271889400922,0.561930696032078,0.438069303967921,1.28274382829897,0.478279505582137,"N/P addition"
"60","davis16","davis16_60",133,13,0.112781954887218,15,7,0.382205513784461,0.583959899749373,0.65450643776824,0.406766917293233,0.496759756534193,0.503240243465807,0.987122478744975,0.465940274414851,"Fine sediment addition
& N/P addition"
"61","elbrecht","elbrecht_01",757,12,0.0171730515191546,13,5,0.260518018018018,0.728671171171171,0.357524804500355,0.394301801801802,0.500677820677821,0.499322179322179,1.00271496322771,0.497160711564004,"Fine sediment addition
& N/P addition"
"62","elbrecht","elbrecht_02",839,11,0.00119189511323004,1,1,0.263548387096774,0.728709677419355,0.361664453297919,0.394602150537634,0.49199795186892,0.50800204813108,0.968496000516063,0.491987613305443,"Flow reduction
& Fine sediment addition"
"63","elbrecht","elbrecht_03",931,14,0.0118152524167562,11,4,0.285288640595903,0.71024208566108,0.401678028316728,0.393314711359404,0.495289527356567,0.504710472643433,0.981333961156929,0.491944983121454,"Flow reduction"
"64","elbrecht","elbrecht_04",1058,13,0.0151228733459357,16,4,0.265830875122911,0.72630285152409,0.366005550666757,0.396230744018355,0.498329197296749,0.501670802703251,0.993339047462009,0.495141655599823,"Fine sediment addition
& N/P addition"
"65","elbrecht","elbrecht_06",1100,12,0.01,11,3,0.261012183692596,0.735238987816307,0.355003186743149,0.3970946579194,0.498192529120364,0.501807470879636,0.992796157950907,0.496012974726314,"N/P addition"
"66","elbrecht","elbrecht_07",732,13,0.0109289617486339,8,4,0.270334810438208,0.71932545544067,0.37581710530819,0.393131462333826,0.493071674755574,0.506928325244426,0.972665464132094,0.490106057370631,"Flow reduction
& N/P addition"
"67","elbrecht","elbrecht_08",1286,18,0.00699844479004666,9,6,0.271062271062271,0.721963933502395,0.375451263537906,0.391377852916314,0.498442766025184,0.501557233974816,0.993790403689424,0.497647416413374,"Flow reduction"
"68","elbrecht","elbrecht_09",684,15,0.0219298245614035,15,6,0.281024860476915,0.711364789446981,0.395050281720277,0.384779299847793,0.49981616556959,0.50018383443041,0.999264932539777,0.494147752558967,"Fine sediment addition"
"69","elbrecht","elbrecht_10",929,14,0.00538213132400431,5,3,0.258539458186101,0.730565371024735,0.353889560661024,0.392167255594817,0.495693176081869,0.504306823918131,0.98291982692334,0.494744414353419,"Flow reduction
× Fine sediment addition
& N/P addition"
"70","elbrecht","elbrecht_11",511,13,0.0156555772994129,8,2,0.289889415481833,0.700631911532385,0.413754227733935,0.39218009478673,0.496936357481381,0.503063642518619,0.987820059890313,0.49247757073844,"Flow reduction
× Fine sediment addition
& N/P addition"
"71","elbrecht","elbrecht_12",1036,18,0.0115830115830116,12,7,0.285618136733971,0.711193765497698,0.4016038252727,0.38907190931633,0.49958473454754,0.50041526545246,0.998340316608509,0.497289639870285,"Flow reduction
& Fine sediment addition"
"72","elbrecht","elbrecht_13",1120,14,0.00446428571428571,5,3,0.26140350877193,0.730799220272904,0.357695385436116,0.393778427550357,0.49700021659086,0.50299978340914,0.988072426636812,0.495446418854842,"Flow reduction
& N/P addition"
"73","elbrecht","elbrecht_15",780,13,0.0128205128205128,10,4,0.278911079410366,0.711103185924869,0.392223076665887,0.391012838801712,0.498644793152639,0.501355206847361,0.994593825579741,0.495575770105437,"Fine sediment addition"
"74","elbrecht","elbrecht_16",900,14,0.0177777777777778,16,4,0.269039074960128,0.722587719298246,0.372327217547248,0.394238437001595,0.500520239993924,0.499479760006076,1.0020831274281,0.496792569420307,"N/P addition"
"75","elbrecht","elbrecht_17",1068,19,0.0102996254681648,11,6,0.268180236604036,0.71616214335421,0.374468601967691,0.387752261656228,0.497849204842942,0.502150795157058,0.991433668221573,0.496255038720792,"Flow reduction"
"76","elbrecht","elbrecht_18",724,16,0.0234806629834254,17,6,0.310367454068242,0.670734908136483,0.462727450596752,0.382362204724409,0.499277363056891,0.500722636943109,0.997113623831664,0.494422647895992,"Flow reduction"
"77","elbrecht","elbrecht_19",1442,17,0.00901525658807212,13,6,0.26845108035931,0.726450594804564,0.369537973097168,0.395108035931051,0.497147260767071,0.502852739232929,0.988653778689641,0.495756706990187,"N/P addition"
"78","elbrecht","elbrecht_20",981,16,0.00815494393476045,8,6,0.261704119850187,0.732677902621723,0.357188498402556,0.393876404494382,0.494336543606206,0.505663456393793,0.977599898421835,0.493799827623357,"Fine sediment addition
& N/P addition"
"79","elbrecht","elbrecht_21",683,15,0.0219619326500732,15,5,0.275525762355415,0.719742376445846,0.3828116439607,0.397108307045216,0.500421861699464,0.499578138300536,1.00168887173846,0.495542264141298,"Fine sediment addition"
"80","elbrecht","elbrecht_22",828,13,0.0120772946859903,10,4,0.259596695821186,0.732385811467444,0.354453474871455,0.396428571428571,0.497535748993475,0.502464251006525,0.990191337984389,0.495083579154376,"Fine sediment addition
& N/P addition"
"81","elbrecht","elbrecht_23",1248,11,0.0104166666666667,13,2,0.268385650224215,0.729820627802691,0.367741935483871,0.394588938714499,0.498332977436116,0.501667022563884,0.99335406758306,0.495461354535765,"Flow reduction
& N/P addition"
"82","elbrecht","elbrecht_24",1037,14,0.00675024108003857,7,4,0.267635233918129,0.720303362573099,0.371559051122669,0.391648391812866,0.495404309384573,0.504595690615427,0.981784661657248,0.493987547136718,"Flow reduction
& Fine sediment addition"
"83","elbrecht","elbrecht_25",1036,17,0.0164092664092664,17,6,0.261104805145668,0.729814604615967,0.357768676447716,0.395232690124858,0.500610286421864,0.499389713578136,1.00244412892485,0.496625378475089,"N/P addition"
"84","elbrecht","elbrecht_26",880,16,0.0125,11,6,0.268764568764569,0.718648018648019,0.373986376905611,0.389160839160839,0.492551690733509,0.507448309266491,0.970644067068595,0.490442465938217,"Flow reduction
× Fine sediment addition
& N/P addition"
"85","elbrecht","elbrecht_27",790,15,0.0164556962025316,13,6,0.267213862289102,0.719106247150023,0.371591629676601,0.394756041951664,0.493428224002779,0.506571775997221,0.974053919667026,0.490719032165486,"Fine sediment addition"
"86","elbrecht","elbrecht_29",983,13,0.00305188199389624,3,3,0.262209302325581,0.735174418604651,0.356662712534599,0.396918604651163,0.494299557032115,0.505700442967885,0.977455258158645,0.494203019203019,"Flow reduction
× Fine sediment addition
& N/P addition"
"87","elbrecht","elbrecht_30",962,15,0.0051975051975052,5,4,0.283616848926691,0.709700283515593,0.399629048366386,0.392041312272175,0.489006538216745,0.510993461783255,0.956972201777727,0.48851677423106,"Flow reduction
& Fine sediment addition"
"88","elbrecht","elbrecht_32",1054,14,0.00853889943074004,9,4,0.266798048048048,0.719688438438438,0.37071326118138,0.390634384384384,0.495247926497927,0.504752073502073,0.98117066278063,0.493540764790765,"Flow reduction
& N/P addition"
"89","elbrecht","elbrecht_33",1174,13,0.00766609880749574,9,4,0.261968880909635,0.735338120885697,0.356256358087487,0.396753441053261,0.497810692200279,0.502189307799721,0.991280946186159,0.496670677898115,"N/P addition"
"90","elbrecht","elbrecht_34",866,14,0.0115473441108545,10,4,0.261228533685601,0.72556142668428,0.360036413290851,0.394980184940555,0.498867710888847,0.501132289111153,0.995481077009979,0.496021135727018,"Flow reduction
& N/P addition"
"91","elbrecht","elbrecht_35",934,14,0.012847965738758,12,4,0.26367721766315,0.725771785853849,0.363305963117512,0.39462680734662,0.498245983533205,0.501754016466795,0.993008460683001,0.495388907740452,"Fine sediment addition"
"92","elbrecht","elbrecht_36",1093,11,0.00823421774931381,9,4,0.275458248472505,0.716395112016293,0.384506041222459,0.392922606924644,0.498657986616235,0.501342013383765,0.994646315896379,0.497350702576112,"Flow reduction
& Fine sediment addition"
"93","elbrecht","elbrecht_37",1147,13,0.00959023539668701,11,4,0.26266137040715,0.735352532274081,0.357191087103309,0.396309169149288,0.497805047209218,0.502194952790782,0.991258562920299,0.495884478833325,"Flow reduction
& N/P addition"
"94","elbrecht","elbrecht_38",988,14,0.00303643724696356,3,3,0.266738402678144,0.723218555714969,0.368821292775665,0.394404591104735,0.493120174899228,0.506879825100772,0.972854216087988,0.492792052072628,"Flow reduction
& Fine sediment addition"
"95","elbrecht","elbrecht_39",947,11,0.00211193241816262,2,1,0.265534682080925,0.728684971098266,0.364402578086267,0.394845857418112,0.493045233507661,0.506954766492339,0.97256257578774,0.492300437083046,"Flow reduction
× Fine sediment addition
& N/P addition"
"96","elbrecht","elbrecht_40",1539,16,0.0188434048083171,29,6,0.26629458557865,0.732935591480626,0.363326039387309,0.396753913266615,0.500681732090508,0.499318267909492,1.00273065150755,0.496289651391692,"Flow reduction"
"97","elbrecht","elbrecht_43",981,18,0.0112130479102956,11,6,0.264074074074074,0.72787037037037,0.362803714540135,0.39437037037037,0.494970739137406,0.505029260862594,0.980083289217721,0.493163557978373,"Fine sediment addition
& N/P addition"
"98","elbrecht","elbrecht_44",1219,15,0.00410172272354389,5,3,0.264917213370822,0.731333958138082,0.362238359675352,0.395235863792565,0.496767379241606,0.503232620758394,0.987152578648331,0.49608694354935,"Flow reduction
× Fine sediment addition
& N/P addition"
"99","elbrecht","elbrecht_46",1171,15,0.0111016225448335,13,4,0.271963824289406,0.722222222222222,0.376565295169946,0.391973514211886,0.50004586283656,0.49995413716344,1.00018346817498,0.497465613657959,"Fine sediment addition
& N/P addition"
"100","elbrecht","elbrecht_47",1165,15,0.0145922746781116,17,5,0.258909370199693,0.733717357910906,0.352873442897519,0.396328725038402,0.500229550275633,0.499770449724367,1.00091862284279,0.497773039564084,"Fine sediment addition"
"101","elbrecht","elbrecht_48",1185,16,0.010126582278481,12,4,0.260335797905114,0.727649414664202,0.357776413556595,0.393207024029575,0.498059149722736,0.501940850277264,0.992266617565826,0.495642324093817,"N/P addition"
"102","elbrecht","elbrecht_49",843,16,0.0106761565836299,9,5,0.258019525801953,0.732217573221757,0.352380952380952,0.391910739191074,0.499285845101745,0.500714154898255,0.997147454725339,0.497329939945974,"Flow reduction
× Fine sediment addition
& N/P addition"
"103","elbrecht","elbrecht_50",1093,17,0.020128087831656,22,7,0.277662157474853,0.714013180714533,0.388875394704882,0.390894901144641,0.496174732308967,0.503825267691033,0.984815101836542,0.492796610169492,"N/P addition"
"104","elbrecht","elbrecht_52",1077,17,0.0176415970287837,19,6,0.264826723829939,0.725526973919257,0.365012926258771,0.394426580921758,0.499411199732743,0.500588800267257,0.997647569154793,0.495664379288833,"Fine sediment addition"
"105","elbrecht","elbrecht_53",1123,14,0.00979519145146928,11,4,0.264373716632444,0.724332648870637,0.364989369241673,0.392368240930869,0.495730923194989,0.504269076805011,0.983068258589008,0.493588288510568,"Flow reduction
& N/P addition"
"106","elbrecht","elbrecht_54",1001,17,0.020979020979021,21,7,0.277810885975368,0.715037743345252,0.388526184192249,0.395689312673818,0.495036264225776,0.504963735774224,0.980340228723102,0.490305845915602,"Flow reduction
& N/P addition"
"107","elbrecht","elbrecht_55",1316,17,0.0129179331306991,17,5,0.265730172666081,0.729441030143401,0.364292878635908,0.393195785776997,0.498000828553945,0.501999171446055,0.99203516037568,0.495530418573123,"Flow reduction"
"108","elbrecht","elbrecht_56",1159,15,0.00776531492666091,9,3,0.273527476143468,0.722523856531754,0.37857224183081,0.393731490621915,0.495346996975822,0.504653003024178,0.981559594429066,0.492637386960096,"Flow reduction
& Fine sediment addition"
"109","elbrecht","elbrecht_57",1117,14,0.0143240823634736,16,3,0.279114365411437,0.706241283124128,0.395211058997778,0.390917015341702,0.492255263332669,0.507744736667331,0.969493581683723,0.488450314592716,"Flow reduction"
"110","elbrecht","elbrecht_58",773,17,0.0142302716688228,11,5,0.280747126436782,0.711024033437826,0.394848996987288,0.391248693834901,0.495028656470663,0.504971343529337,0.980310393478602,0.491145793777373,"Flow reduction
& Fine sediment addition"
"111","elbrecht","elbrecht_59",972,14,0.00617283950617284,6,3,0.269246774864752,0.724511027881814,0.371625502584721,0.394257178526841,0.49524404018786,0.50475595981214,0.981155408986514,0.494331065759637,"Flow reduction
× Fine sediment addition
& N/P addition"
"112","elbrecht","elbrecht_60",1128,15,0.00975177304964539,11,4,0.26417042042042,0.723442192192192,0.36515760799066,0.3934496996997,0.498423260923261,0.501576739076739,0.993712870020084,0.496468253968254,"Fine sediment addition
& N/P addition"
"113","elbrecht","elbrecht_62",1249,16,0.00880704563650921,11,5,0.255411255411255,0.74025974025974,0.345029239766082,0.397229437229437,0.498462172747887,0.501537827252113,0.993867552281994,0.497395055583209,"Fine sediment addition"
"114","elbrecht","elbrecht_63",1519,19,0.0138248847926267,21,6,0.260400313971743,0.732535321821036,0.355478167693544,0.393903715332287,0.497923052004685,0.502076947995315,0.991726574965817,0.496136472607061,"N/P addition"
"115","elbrecht","elbrecht_64",1042,16,0.00863723608445298,9,5,0.267172264355363,0.727410617551463,0.367292225201072,0.392957746478873,0.496801320744983,0.503198679255017,0.98728661506126,0.495061343314618,"Fine sediment addition
& N/P addition"
"116","pimentel","pimentel_016",384,114,0.0182291666666667,7,7,0.252293577981651,0.708562691131498,0.356063875701338,0.265195864278433,0.477146740449493,0.522853259550507,0.912582510931828,0.47765873015873,"Flow reduction"
"117","pimentel","pimentel_017",360,114,0.025,9,9,0.254940282301846,0.709880564603692,0.359131232792903,0.273561346362649,0.472581562483843,0.527418437516157,0.896027762528429,0.471625652498136,"Flow reduction"
"118","pimentel","pimentel_036",375,121,0.0266666666666667,10,10,0.27209797657082,0.718796592119276,0.378546559004371,0.294736041381409,0.433632537146914,0.566367462853086,0.765638151179241,0.432117973702132,"Flow reduction"
"119","pimentel","pimentel_060",352,116,0.0142045454545455,5,5,0.268103592314119,0.716299081035923,0.374290012945965,0.28280701754386,0.438242829295461,0.561757170704539,0.780128589628557,0.434112811791383,"Flow reduction"
"120","pimentel22","pimentel22_28",233,9,0.0472103004291846,11,3,0.449528301886792,0.550471698113208,0.81662382176521,0.294418238993711,0.384402992186011,0.615597007813989,0.62443934474445,0.377669732147344,"Flow reduction"
"121","pimentel22","pimentel22_30",229,11,0.0524017467248908,12,3,0.465311004784689,0.534688995215311,0.870246085011186,0.289872408293461,0.364370982552801,0.635629017447199,0.573244726957527,0.364738758139773,"Flow reduction"
"122","pimentel22","pimentel22_33",260,12,0.0923076923076923,24,5,0.435957446808511,0.564042553191489,0.772915880799698,0.308085106382979,0.402656350741457,0.597343649258543,0.674078231586219,0.394298434582795,"Flow reduction"
"123","pimentel22","pimentel22_39",205,11,0.0390243902439024,8,3,0.442934782608696,0.557065217391304,0.795121951219512,0.295199275362319,0.385043368467281,0.614956631532718,0.626130931392022,0.383795339761249,"Flow reduction"
"124","bruderSU","bruderSU_001",1667,21,0.131973605278944,220,5,0.0940453686200378,0.887429111531191,0.105975077218021,0.559546313799622,0.0834908632640202,0.91650913673598,0.091096596768649,0.0412582297000732,"N/P addition"
"125","bruderSU","bruderSU_004",1739,24,0.0891316848763657,155,8,0.0544979686593152,0.93084735925711,0.0585466221903545,0.542195229804052,0.0364190365641323,0.963580963435868,0.0377955127239874,0.00542091836734694,"Flow reduction"
"126","bruderSU","bruderSU_007",1202,20,0.264559068219634,318,5,0.206431005110733,0.783773424190801,0.263380970493941,0.626632595116411,0.177640545144804,0.822359454855196,0.216013258066187,0.00794392523364486,"Flow reduction
& N/P addition"
"127","bruderSU","bruderSU_011",1572,26,0.17175572519084,270,8,0.124264705882353,0.868702046035806,0.143046406359254,0.587687248812569,0.104635549872123,0.895364450127877,0.116863641232549,0.0053323029366306,"Flow reduction"
"128","bruderSU","bruderSU_013",1398,21,0.186695278969957,261,6,0.125402635431918,0.868374816983895,0.144410723318159,0.697047340165935,0.117569546120059,0.882430453879941,0.133233781317405,0.00180995475113122,"Flow reduction
& N/P addition"
"129","bruderSU","bruderSU_015",910,23,0.117582417582418,107,6,0.0741685144124169,0.916407982261641,0.0809339462859908,0.504323725055432,0.0736141906873614,0.926385809312639,0.0794638583054093,0.0163522012578616,"N/P addition"
"130","bruderSU","bruderSU_098",1529,27,0.0902550686723349,138,8,0.0657964309319233,0.926437541308658,0.0710209031889848,0.538192805211972,0.0705882352941176,0.929411764705882,0.0759493670886076,0.0244363636363636,"N/P addition"
"131","bruderSU","bruderSU_100",2356,26,0.0674872665534805,159,10,0.0513214904679376,0.947443674176776,0.0541683815795491,0.622212593876372,0.0319540727902946,0.968045927209705,0.0330088396553653,0.00143985137018114,"Flow reduction
& N/P addition"
"132","bruderSU","bruderSU_102",2275,23,0.194285714285714,442,8,0.133598937583001,0.859318282425852,0.155470842777663,0.709901136195957,0.127312970340859,0.872687029659141,0.145886172263366,0.00176114474408365,"Flow reduction"
"133","bruderSU","bruderSU_105",1726,22,0.154113557358053,266,7,0.115890570430733,0.875960419091967,0.132301149578045,0.598224679860303,0.112194412107101,0.887805587892899,0.126372725782659,0.00440771349862259,"Flow reduction"
"134","bruderSU","bruderSU_110",1828,25,0.0634573304157549,116,7,0.0596302428256071,0.926020971302428,0.0643940522661581,0.54198859455482,0.0524834437086093,0.947516556291391,0.0553905294426,0.00872641509433962,"N/P addition"
"135","bruderSU","bruderSU_112",2725,28,0.220550458715596,601,9,0.157119021134594,0.835465331850204,0.188061688671918,0.676412945600932,0.161179087875417,0.838820912124583,0.192149582283517,0.00687022900763359,"Flow reduction
& N/P addition"
"136","bruderWI","bruderWI_001",468,11,0.0726495726495727,34,4,0.422361647361647,0.571042471042471,0.739632634663061,0.43018018018018,0.0328828828828829,0.967117117117117,0.0340009315323707,0.011219512195122,"Fine sediment addition"
"137","bruderWI","bruderWI_002",491,14,0.0631364562118126,31,5,0.645346062052506,0.340334128878282,1.89621318373072,0.68019093078759,0.0568019093078759,0.943198090692124,0.0602226720647773,0.0381443298969072,"Flow reduction
× Fine sediment addition
& N/P addition"
"138","bruderWI","bruderWI_003",524,14,0.16030534351145,84,5,0.25607476635514,0.732242990654206,0.349712827058073,0.383177570093458,0.218691588785047,0.781308411214953,0.279904306220096,0.143023255813953,"N/P addition"
"139","bruderWI","bruderWI_004",504,14,0.101190476190476,51,5,0.639090909090909,0.358636363636364,1.78200253485425,0.651515151515152,0.0759090909090909,0.924090909090909,0.0821446138711264,0.042159383033419,"Flow reduction"
"140","bruderWI","bruderWI_006",546,15,0.0952380952380952,52,6,0.411522633744856,0.581069958847737,0.708215297450425,0.463648834019204,0.0831275720164609,0.916872427983539,0.0906642728904847,0.0511415525114155,"Fine sediment addition
& N/P addition"
"141","bruderWI","bruderWI_007",557,9,0.0305206463195691,17,3,0.55533199195171,0.436619718309859,1.27188940092166,0.585848423876593,0.0394366197183099,0.96056338028169,0.0410557184750733,0.0333333333333333,"Flow reduction
& Fine sediment addition"
"142","bruderWI","bruderWI_008",690,17,0.12463768115942,86,8,0.643628318584071,0.345044247787611,1.86535008976661,0.691032448377581,0.102654867256637,0.897345132743363,0.11439842209073,0.0466666666666667,"Flow reduction
& N/P addition"
"143","bruderWI","bruderWI_009",465,12,0.0365591397849462,17,5,0.327790973871734,0.653206650831354,0.501818181818182,0.397664291369755,0.0802850356294537,0.919714964370546,0.0872933884297521,0.0712871287128713,"Fine sediment addition
& N/P addition"
"144","bruderWI","bruderWI_011",446,13,0.190582959641256,85,6,0.443195266272189,0.544970414201183,0.813246471226927,0.519230769230769,0.163313609467456,0.836686390532544,0.195190947666195,0.0695652173913043,"Flow reduction"
"145","bruderWI","bruderWI_012",514,13,0.165369649805447,85,5,0.357917570498915,0.637744034707158,0.561224489795918,0.466377440347072,0.186117136659436,0.813882863340564,0.228678038379531,0.129442970822281,"N/P addition"
"146","bruderWI","bruderWI_013",536,12,0.0354477611940298,19,3,0.664529914529915,0.331196581196581,2.00645161290323,0.669515669515669,0.0252136752136752,0.974786324786325,0.0258658483121438,0.0195991091314031,"Flow reduction
& Fine sediment addition"
"147","bruderWI","bruderWI_014",634,16,0.0473186119873817,30,6,0.629553571428571,0.365089285714286,1.72438248960626,0.646428571428571,0.0357142857142857,0.964285714285714,0.037037037037037,0.0150375939849624,"Flow reduction
× Fine sediment addition
& N/P addition"
"148","bruderWI","bruderWI_015",397,14,0.0831234256926952,33,5,0.293841642228739,0.700293255131965,0.419597989949749,0.362658846529814,0.108504398826979,0.89149560117302,0.12171052631579,0.0844155844155844,"Fine sediment addition"
"149","bruderWI","bruderWI_016",436,16,0.137614678899083,60,7,0.444505494505495,0.55,0.808191808191808,0.497252747252747,0.114835164835165,0.885164835164835,0.129733085040348,0.074025974025974,"Flow reduction
& N/P addition"
"150","bruderWI","bruderWI_081",751,17,0.0785619174434088,59,6,0.695606781062642,0.299741575356626,2.32068834707039,0.738301977809937,0.0819102749638206,0.918089725036179,0.0892181588902901,0.0449685534591195,"Flow reduction
& Fine sediment addition"
"151","bruderWI","bruderWI_082",830,16,0.0433734939759036,36,5,0.749150141643059,0.243059490084986,3.08216783216783,0.783758262511804,0.0509915014164306,0.949008498583569,0.0537313432835821,0.0322388059701493,"Flow reduction
× Fine sediment addition
& N/P addition"
"152","bruderWI","bruderWI_084",804,18,0.0932835820895522,75,6,0.288592896174863,0.693647540983607,0.416051206302314,0.370218579234973,0.109084699453552,0.890915300546448,0.122441156175726,0.0875189107413011,"Fine sediment addition
& N/P addition"
"153","bruderWI","bruderWI_085",815,16,0.142331288343558,116,6,0.45558867362146,0.519821162444113,0.876433486238532,0.543964232488823,0.148733233979136,0.851266766020864,0.174719887955182,0.100900900900901,"Flow reduction
& N/P addition"
"154","bruderWI","bruderWI_086",625,14,0.1488,93,7,0.601904761904762,0.394285714285714,1.52657004830918,0.641904761904762,0.107809523809524,0.892190476190476,0.120836891545687,0.0403669724770642,"Flow reduction"
"155","bruderWI","bruderWI_087",1521,21,0.0959894806048652,146,8,0.226282527881041,0.759219330855019,0.298046320325124,0.358798017348203,0.184832713754647,0.815167286245353,0.226742064939803,0.148467274233637,"N/P addition"
"156","bruderWI","bruderWI_088",750,19,0.0533333333333333,40,5,0.307153729071537,0.672146118721461,0.456974637681159,0.398148148148148,0.134703196347032,0.865296803652968,0.155672823218997,0.107605177993528,"Fine sediment addition"
"157","bruderWI","bruderWI_089",878,19,0.0706150341685649,62,7,0.554697554697555,0.430823680823681,1.28752800597461,0.614864864864865,0.0872586872586873,0.912741312741313,0.0956006768189509,0.0759776536312849,"Flow reduction
× Fine sediment addition
& N/P addition"
"158","bruderWI","bruderWI_090",1072,23,0.127798507462687,137,7,0.56799370965072,0.421254759145837,1.34833778685948,0.630359212050985,0.116685979142526,0.883314020857474,0.132100223009314,0.0606019151846785,"Flow reduction"
"159","bruderWI","bruderWI_091",597,15,0.0820770519262982,49,5,0.34047619047619,0.644285714285714,0.528455284552846,0.452063492063492,0.162285714285714,0.837714285714286,0.193724420190996,0.132773109243697,"Fine sediment addition"
"160","bruderWI","bruderWI_092",830,16,0.116867469879518,97,6,0.489782608695652,0.502608695652174,0.974480968858131,0.570531400966184,0.108695652173913,0.891304347826087,0.121951219512195,0.0735244519392917,"Flow reduction
& N/P addition"
"161","bruderWI","bruderWI_093",753,19,0.0677290836653386,51,8,0.274655436447167,0.703292496171516,0.390528034839412,0.357379858528404,0.10750382848392,0.89249617151608,0.120452985586822,0.100990099009901,"Fine sediment addition
& N/P addition"
"162","bruderWI","bruderWI_094",629,15,0.0874403815580286,55,4,0.589982425307557,0.407381370826011,1.44823123382226,0.641622729935559,0.0892794376098418,0.910720562390158,0.0980316480123504,0.0599221789883269,"Flow reduction
& Fine sediment addition"
"163","bruderWI","bruderWI_095",1280,18,0.0796875,102,8,0.271168831168831,0.717575757575758,0.377895752895753,0.382106782106782,0.176796536796537,0.823203463203463,0.214766512410602,0.140796963946869,"N/P addition"
"164","hunn","hunn_049",248,17,0.032258064516129,8,6,0.0534653465346535,0.939108910891089,0.0569319978914075,0.475247524752475,0.383663366336634,0.616336633663366,0.622489959839357,0.396774193548387,"Flow reduction
& Fine sediment addition"
"165","hunn","hunn_050",293,15,0.0170648464163823,5,5,0.0136871508379888,0.983519553072626,0.0139165009940358,0.493482309124767,0.469553072625698,0.530446927374302,0.885202738283307,0.474712643678161,"Flow reduction"
"166","hunn","hunn_053",316,16,0.0506329113924051,16,5,0.0536666666666667,0.939666666666667,0.0571124512238382,0.484126984126984,0.463,0.537,0.86219739292365,0.465671641791045,"Flow reduction"
"167","hunn","hunn_055",248,14,0.0362903225806452,9,3,0.0743589743589744,0.921367521367521,0.0807050092764379,0.448717948717949,0.247435897435897,0.752564102564103,0.328790459965928,0.265740740740741,"Fine sediment addition"
"168","hunn","hunn_056",315,19,0.0444444444444444,14,6,0.077124183006536,0.913071895424837,0.0844667143879742,0.475490196078431,0.35718954248366,0.64281045751634,0.555668530757499,0.379856115107914,"Flow reduction
& Fine sediment addition"
"169","hunn","hunn_057",288,18,0.0694444444444444,20,7,0.0596666666666667,0.933666666666667,0.0639057479471617,0.449444444444444,0.34,0.66,0.515151515151515,0.355384615384615,"Flow reduction
& Fine sediment addition"
"170","hunn","hunn_058",283,16,0.0636042402826855,18,5,0.103879310344828,0.8875,0.117047110247693,0.464696223316913,0.316379310344828,0.683620689655172,0.462799495586381,0.327551020408163,"Flow reduction
& Fine sediment addition"
"171","hunn","hunn_059",214,17,0.0467289719626168,10,6,0.0752941176470588,0.904117647058823,0.0832791151594014,0.432352941176471,0.293529411764706,0.706470588235294,0.41548709408826,0.314666666666667,"Fine sediment addition"
"172","hunn","hunn_060",292,17,0.0547945205479452,16,5,0.0748538011695906,0.917836257309941,0.081554635234151,0.48635477582846,0.431286549707602,0.568713450292398,0.758354755784062,0.440645161290323,"Flow reduction"
"173","hunn","hunn_062",194,14,0.0360824742268041,7,3,0.100471698113208,0.885377358490566,0.113478955780501,0.443396226415094,0.291981132075472,0.708018867924528,0.412391738840773,0.305050505050505,"Fine sediment addition"
"174","hunn","hunn_063",482,19,0.033195020746888,16,6,0.0252688172043011,0.969354838709677,0.0260676650027732,0.455197132616487,0.454838709677419,0.545161290322581,0.834319526627219,0.461216730038023,"Flow reduction"
"175","hunn","hunn_064",316,18,0.0411392405063291,13,6,0.0493788819875776,0.930434782608696,0.0530707610146862,0.471532091097309,0.330124223602484,0.669875776397516,0.492814093648586,0.343243243243243,"Fine sediment addition"
"176","hunn","hunn_097",380,17,0.0394736842105263,15,5,0.0430555555555556,0.951736111111111,0.045238963881795,0.483217592592593,0.443402777777778,0.556597222222222,0.796631316281971,0.462790697674419,"Flow reduction"
"177","hunn","hunn_099",455,15,0.0307692307692308,14,4,0.0280851063829787,0.964468085106383,0.029119788219722,0.474113475177305,0.390212765957447,0.609787234042553,0.639916259595255,0.389592760180995,"Fine sediment addition"
"178","hunn","hunn_101",531,15,0.0263653483992467,14,5,0.0183006535947712,0.980065359477124,0.0186728909636545,0.465958605664488,0.368954248366013,0.631045751633987,0.584671154842051,0.373287671232877,"Flow reduction
& Fine sediment addition"
"179","hunn","hunn_102",356,16,0.047752808988764,17,5,0.0340361445783132,0.96144578313253,0.0354010025062657,0.356425702811245,0.263253012048193,0.736746987951807,0.357318070318888,0.253691275167785,"Flow reduction
& Fine sediment addition"
"180","hunn","hunn_104",536,14,0.0261194029850746,14,4,0.0190243902439024,0.980975609756098,0.0193933366484336,0.361149825783972,0.247317073170732,0.752682926829268,0.328580686973428,0.240837696335079,"Fine sediment addition"
"181","hunn","hunn_105",525,19,0.0438095238095238,23,6,0.0736318407960199,0.908955223880597,0.0810071154898741,0.493129590144516,0.43955223880597,0.56044776119403,0.784287616511318,0.447752808988764,"Flow reduction"
"182","hunn","hunn_106",251,17,0.0358565737051793,9,5,0.0348039215686275,0.952941176470588,0.036522633744856,0.446078431372549,0.355392156862745,0.644607843137255,0.551330798479088,0.368817204301075,"Fine sediment addition"
"183","hunn","hunn_108",555,17,0.045045045045045,25,5,0.0384057971014493,0.955555555555556,0.0401921132457027,0.460547504025765,0.440579710144927,0.559420289855073,0.787564766839378,0.421428571428571,"Flow reduction"
"184","hunn","hunn_109",304,17,0.0756578947368421,23,6,0.0944444444444444,0.901587301587301,0.104753521126761,0.473828420256992,0.345634920634921,0.654365079365079,0.528198908429351,0.352427184466019,"Fine sediment addition"
"185","hunn","hunn_110",445,17,0.0269662921348315,12,5,0.0319277108433735,0.96355421686747,0.0331353547983745,0.440763052208835,0.295783132530121,0.704216867469879,0.420017108639863,0.275974025974026,"Flow reduction
& Fine sediment addition"
"186","hunn","hunn_111",502,16,0.0677290836653386,34,4,0.0184210526315789,0.979111842105263,0.0188140433394927,0.45202850877193,0.39375,0.60625,0.649484536082474,0.372962962962963,"Flow reduction
& Fine sediment addition"
"187","hunn","hunn_112",398,16,0.0452261306532663,18,5,0.0444117647058824,0.939411764705882,0.0472761427676894,0.442156862745098,0.342058823529412,0.657941176470588,0.519892713455521,0.326973684210526,"Flow reduction"
"188","macaulay","macaulay_005",1832,15,0.0698689956331878,128,6,0.0216480446927374,0.97695530726257,0.0221586847748392,0.13268156424581,0.0240223463687151,0.975977653631285,0.0246136233543217,0.00115273775216138,"Flow reduction"
"189","macaulay","macaulay_010",2304,20,0.09375,216,7,0.0633817427385892,0.929875518672199,0.0681615350290049,0.139522821576763,0.0465767634854772,0.953423236514523,0.0488521379610489,0.0179824561403509,"Flow reduction"
"190","macaulay","macaulay_035",2868,17,0.0585774058577406,168,6,0.0338602329450915,0.96198003327787,0.0351984779036582,0.109493436864485,0.0312811980033278,0.968718801996672,0.0322913088285812,0.00655172413793103,"Flow reduction"
"191","macaulay","macaulay_046",3646,15,0.068019747668678,248,7,0.0421017845340383,0.957898215465962,0.0439522528117022,0.133263043044933,0.0429610046265697,0.95703899537343,0.0448895027624309,0.0144727773949001,"Flow reduction"
"192","macaulay","macaulay_085",1918,18,0.129301355578728,248,8,0.0794419970631424,0.919089574155653,0.0864355328327209,0.245717082721488,0.0654919236417034,0.934508076358297,0.0700817096165933,0.015780998389694,"Flow reduction"
"193","macaulay","macaulay_087",2884,17,0.11373092926491,328,7,0.083140655105973,0.911560693641619,0.0912069329951384,0.234211089702419,0.0755298651252409,0.924470134874759,0.0817007086285953,0.0275,"Flow reduction"
"194","macaulay","macaulay_101",2894,18,0.105044920525225,304,7,0.0817769718948323,0.914596554850408,0.0894131641554322,0.196433967966153,0.0645512239347235,0.935448776065277,0.0690056212444272,0.0309777347531462,"Flow reduction"
"195","macaulay","macaulay_106",2796,14,0.0743919885550787,208,5,0.0508241758241758,0.948260073260073,0.0535972959922743,0.183455433455433,0.0543956043956044,0.945604395604396,0.0575246949447995,0.0272380952380952,"Flow reduction"
"196","magbanua","magbanua_037",45026.95,13,0.0565832240469319,2547.77,4,0.0591597152616699,0.928235224705496,0.0637335383177682,0.103641509429647,0.0648738456345588,0.935126154365441,0.069374431815118,0.0136279765048238,"Fine sediment addition"
"197","magbanua","magbanua_040",30524.25,12,0.0642053449306699,1959.82,4,0.0374000951745218,0.950133206433971,0.0393630018625403,0.125551958990861,0.109018408528243,0.890981591471756,0.122357644166545,0.0623145308939037,"Fine sediment addition"
"198","magbanua","magbanua_047",45565.88,16,0.0795696253424712,3625.66,6,0.0682478900034526,0.925365322424158,0.0737523747104172,0.144464542014391,0.101824721960165,0.898175278039835,0.113368430917389,0.0373950664396983,"Fine sediment addition"
"199","magbanua","magbanua_065",52033.3,18,0.0602635235512643,3135.71,7,0.0377940504229224,0.951911802356695,0.0397033110938994,0.0886904384934219,0.0757352629994486,0.924264737000551,0.0819410932469703,0.0413249439851657,"Fine sediment addition"
"200","magbanua","magbanua_073",29740.3,12,0.0197691348103415,587.94,4,0.0155277764279089,0.97619074281054,0.0159064983378177,0.0521045981698595,0.0474118154140001,0.952588184586,0.0497715761975418,0.0339702325831318,"Fine sediment addition"
"201","magbanua","magbanua_076",63253.3,17,0.0619673598057335,3919.64,5,0.0571154683637183,0.918815759873899,0.0621620469065061,0.12209480754233,0.0826169851757502,0.91738301482425,0.0900572430933635,0.0421923419660379,"Fine sediment addition"
"202","piggott","piggott_097",796,13,0.130653266331658,104,4,0.316326530612245,0.591836734693878,0.53448275862069,0.564625850340136,0.412244897959184,0.587755102040816,0.701388888888889,0.211111111111111,"Fine sediment addition
& N/P addition"
"203","piggott","piggott_099",1276,12,0.269592476489028,344,4,0.533333333333333,0.411111111111111,1.2972972972973,0.760185185185185,0.648888888888889,0.351111111111111,1.84810126582278,0.2,"N/P addition"
"204","piggott","piggott_100",976,10,0.168032786885246,164,3,0.425324675324675,0.538961038961039,0.789156626506024,0.664502164502164,0.561038961038961,0.438961038961039,1.27810650887574,0.224390243902439,"Fine sediment addition"
"205","piggott","piggott_101",1352,13,0.115384615384615,156,4,0.315068493150685,0.636986301369863,0.494623655913978,0.519406392694064,0.46027397260274,0.53972602739726,0.852791878172589,0.148837209302326,"Fine sediment addition
& N/P addition"
"206","piggott","piggott_102",1236,12,0.113268608414239,140,3,0.324742268041237,0.649484536082474,0.5,0.525773195876289,0.441237113402062,0.558762886597938,0.789667896678967,0.236619718309859,"Fine sediment addition"
"207","piggott","piggott_104",1844,12,0.149674620390456,276,4,0.387614678899083,0.577981651376147,0.670634920634921,0.582568807339449,0.451376146788991,0.548623853211009,0.822742474916388,0.197260273972603,"N/P addition"
"208","piggott","piggott_105",1212,12,0.138613861386139,168,4,0.467948717948718,0.506410256410256,0.924050632911392,0.647435897435897,0.487179487179487,0.512820512820513,0.95,0.183333333333333,"Fine sediment addition"
"209","piggott","piggott_106",784,13,0.122448979591837,96,4,0.401315789473684,0.578947368421053,0.693181818181818,0.592105263157895,0.521052631578947,0.478947368421053,1.08791208791209,0.171428571428571,"Fine sediment addition
& N/P addition"
"210","piggott","piggott_107",868,12,0.405529953917051,352,4,0.564432989690722,0.414948453608247,1.36024844720497,0.788659793814433,0.750515463917526,0.249484536082474,3.00826446280992,0.148148148148148,"N/P addition"
"211","piggott","piggott_109",1032,9,0.135658914728682,140,3,0.622093023255814,0.36046511627907,1.7258064516129,0.796511627906977,0.674418604651163,0.325581395348837,2.07142857142857,0.0857142857142857,"Fine sediment addition
& N/P addition"
"212","piggott","piggott_111",1176,11,0.163265306122449,192,4,0.421875,0.546875,0.771428571428571,0.66015625,0.615625,0.384375,1.60162601626016,0.278787878787879,"N/P addition"
"213","piggott","piggott_112",644,11,0.142857142857143,92,3,0.41,0.535,0.766355140186916,0.65,0.524,0.476,1.10084033613445,0.193103448275862,"Fine sediment addition"
"214","wagenhoff","wagenhoff_004",43800,16,0.123287671232877,5400,6,0.195454545454545,0.78030303030303,0.250485436893204,0.301010101010101,0.189545454545455,0.810454545454545,0.233875490745934,0.0565217391304348,"Fine sediment addition
& N/P addition"
"215","wagenhoff","wagenhoff_006",80900,24,0.177997527812114,14400,10,0.222998544395924,0.752983988355167,0.296153102648367,0.470281416787967,0.342527899078117,0.657472100921883,0.520977085716394,0.196415441176471,"N/P addition"
"216","wagenhoff","wagenhoff_008",72200,21,0.166204986149584,12000,8,0.199344262295082,0.78672131147541,0.253386122108773,0.421584699453552,0.292622950819672,0.707377049180328,0.413673232908459,0.146945010183299,"N/P addition"
"217","wagenhoff","wagenhoff_009",55800,16,0.0591397849462366,3300,6,0.100760869565217,0.89,0.113214460185638,0.209057971014493,0.110217391304348,0.889782608695652,0.123870021988761,0.0552693208430913,"Fine sediment addition
& N/P addition"
"218","wagenhoff","wagenhoff_045",68200,18,0.0821114369501466,5600,7,0.122946428571429,0.871696428571429,0.141042712281061,0.25625,0.165803571428571,0.834196428571429,0.198758428770202,0.0983134920634921,"Fine sediment addition"
"219","wagenhoff","wagenhoff_048",35500,18,0.0957746478873239,3400,6,0.168893129770992,0.815839694656489,0.207017543859649,0.322519083969466,0.219465648854962,0.780534351145038,0.281173594132029,0.138377192982456,"Fine sediment addition"
"220","wagenhoff","wagenhoff_072",38100,15,0.062992125984252,2400,4,0.108443708609272,0.881622516556291,0.123004694835681,0.216335540838852,0.113079470198675,0.886920529801325,0.12749673324622,0.0510791366906475,"Fine sediment addition"
"221","wagenhoff","wagenhoff_080",37900,18,0.113456464379947,4300,6,0.195727848101266,0.786075949367089,0.248993558776167,0.378428270042194,0.202848101265823,0.797151898734177,0.254466057959508,0.0963503649635036,"Fine sediment addition"
"222","wagenhoff","wagenhoff_113",14000,16,0.114285714285714,1600,6,0.165952380952381,0.788809523809524,0.210383338364021,0.323015873015873,0.241428571428571,0.758571428571429,0.318267419962335,0.143016759776536,"Fine sediment addition
& N/P addition"
"223","wagenhoff","wagenhoff_118",54900,20,0.207650273224044,11400,9,0.289718614718615,0.686471861471861,0.42204004414315,0.515151515151515,0.356601731601732,0.643398268398268,0.554247266610597,0.21,"N/P addition"
"224","wagenhoff","wagenhoff_120",64900,20,0.189522342064715,12300,8,0.26252319109462,0.720315398886827,0.364455891822279,0.480210265924552,0.361688311688312,0.638311688311688,0.566632756866735,0.211583924349882,"N/P addition"
"225","wagenhoff","wagenhoff_128",23400,14,0.047008547008547,1100,4,0.0889021479713604,0.897971360381862,0.0990033222591362,0.160700079554495,0.0917661097852029,0.908233890214797,0.101037971357246,0.0555415617128463,"Fine sediment addition
& N/P addition"
"226","ward","ward_08",1039,17,0.0519730510105871,54,5,0.0323979591836735,0.966071428571429,0.0335357803010298,0.359353741496599,0.354795918367347,0.645204081632653,0.549897200695872,0.331657754010695,"Flow reduction
& Fine sediment addition"
"227","ward","ward_09",851,16,0.106933019976498,91,6,0.0664625850340136,0.932857142857143,0.0712462626704587,0.347554259799158,0.34108843537415,0.65891156462585,0.517654346479455,0.290332326283988,"Fine sediment addition"
"228","ward","ward_12",748,14,0.0748663101604278,56,5,0.0617690058479532,0.933114035087719,0.0661966314140227,0.413864522417154,0.400219298245614,0.599780701754386,0.6672760511883,0.358962264150943,"Flow reduction"
"229","ward","ward_15",891,16,0.0572390572390572,51,5,0.0325,0.965625,0.0336569579288026,0.363229166666667,0.3571875,0.6428125,0.555663587749149,0.334528552456839,"Fine sediment addition"
"230","ward","ward_17",1066,17,0.0891181988742964,95,6,0.0603174603174603,0.932804232804233,0.0646625070901872,0.352557319223986,0.338994708994709,0.661005291005291,0.51284719442888,0.291812865497076,"Fine sediment addition"
"231","ward","ward_26",648,15,0.0648148148148148,42,5,0.0384615384615385,0.95982905982906,0.0400712377560107,0.317236467236467,0.310940170940171,0.689059829059829,0.451252790870752,0.278205128205128,"Flow reduction
& Fine sediment addition"
"232","ward","ward_29",908,17,0.0848017621145375,77,5,0.0686682520808561,0.930142687277051,0.0738255033557047,0.380499405469679,0.361712247324614,0.638287752675387,0.566691505216095,0.316537467700258,"Flow reduction"
"233","ward","ward_32",734,16,0.0776566757493188,57,5,0.0517281105990783,0.945444072056975,0.054713030762925,0.293796257505935,0.287903225806452,0.712096774193548,0.404303510758777,0.244904458598726,"Flow reduction
& Fine sediment addition"
"234","ward","ward_37",1079,15,0.0676552363299351,73,5,0.0345659163987138,0.963290460878885,0.0358831710709318,0.274830296534477,0.270203644158628,0.729796355841372,0.370245263621677,0.239470655926352,"Fine sediment addition"
"235","ward","ward_40",884,18,0.119909502262443,106,6,0.0860531478509007,0.912163367219547,0.0943396226415094,0.462234706616729,0.45330836454432,0.54669163545568,0.829184745375657,0.39774964838256,"Flow reduction"
"236","ward","ward_41",804,15,0.0584577114427861,47,4,0.0400943396226415,0.955862533692722,0.0419457173070144,0.30604222821204,0.297169811320755,0.702830188679245,0.422818791946309,0.264194008559201,"Flow reduction
& Fine sediment addition"
"237","ward","ward_47",887,16,0.0744081172491545,66,5,0.0423832923832924,0.956388206388206,0.0443159922928709,0.368345618345618,0.366339066339066,0.633660933660934,0.578131058549825,0.33155792276964,"Flow reduction"
"238","ward","ward_50",853,14,0.063305978898007,54,5,0.036346396965866,0.959860935524652,0.0378663154428713,0.347029077117573,0.341213653603034,0.658786346396966,0.517942813279601,0.311590296495957,"Flow reduction
& Fine sediment addition"
"239","ward","ward_52",1163,17,0.05932932072227,69,5,0.0411255411255411,0.955627705627706,0.043035107587769,0.271859217171717,0.264820075757576,0.735179924242424,0.36021124492819,0.230382293762575,"Fine sediment addition"
"240","ward","ward_58",896,18,0.0926339285714286,83,6,0.0669099756690998,0.929440389294404,0.0719895287958115,0.413625304136253,0.406995133819951,0.593004866180049,0.686326802749,0.357661290322581,"Flow reduction"
"241","khenafou","khenafou_01",556,18,0.39568345323741,220,10,0.456521739130435,0.543478260869565,0.84,0.0869565217391304,0.282608695652174,0.717391304347826,0.393939393939394,0.0240963855421687,"Flow reduction
& N/P addition"
"242","khenafou","khenafou_02",732,18,0.442622950819672,324,9,0.5,0.5,1,0.158239700374532,0.35195530726257,0.64804469273743,0.543103448275862,0,"Flow reduction"
"243","khenafou","khenafou_04",596,25,0.315436241610738,188,13,0.363636363636364,0.636363636363636,0.571428571428572,0.111111111111111,0.263888888888889,0.736111111111111,0.358490566037736,0.0309278350515464,"Fine sediment addition"
"244","khenafou","khenafou_05",588,18,0.340136054421769,200,9,0.380952380952381,0.619047619047619,0.615384615384615,0.0668934240362812,0.258503401360544,0.741496598639456,0.348623853211009,0.0206185567010309,"Flow reduction
× Fine sediment addition
& N/P addition"
"245","khenafou","khenafou_06",596,19,0.436241610738255,260,8,0.496551724137931,0.503448275862069,0.986301369863014,0.0862470862470863,0.36551724137931,0.63448275862069,0.576086956521739,0.0125,"Fine sediment addition
& N/P addition"
"246","khenafou","khenafou_07",560,17,0.392857142857143,220,8,0.423357664233577,0.576642335766423,0.734177215189873,0.10171568627451,0.313868613138686,0.686131386861314,0.457446808510638,0.024390243902439,"Fine sediment addition"
"247","khenafou","khenafou_08",540,19,0.325925925925926,176,11,0.363636363636364,0.636363636363636,0.571428571428572,0.115776081424936,0.257575757575758,0.742424242424242,0.346938775510204,0,"Flow reduction
& Fine sediment addition"
"248","khenafou","khenafou_09",620,20,0.509677419354839,316,13,0.516129032258065,0.483870967741935,1.06666666666667,0.217532467532468,0.445161290322581,0.554838709677419,0.802325581395349,0,"N/P addition"
"249","khenafou","khenafou_10",464,14,0.362068965517241,168,7,0.402654867256637,0.597345132743363,0.674074074074074,0.107142857142857,0.292035398230089,0.707964601769911,0.4125,0,"Flow reduction
× Fine sediment addition
& N/P addition"
"250","khenafou","khenafou_11",584,23,0.39041095890411,228,10,0.471428571428571,0.528571428571429,0.891891891891892,0.146572104018913,0.276595744680851,0.723404255319149,0.382352941176471,0.0238095238095238,"Fine sediment addition
& N/P addition"
"251","khenafou","khenafou_12",684,21,0.345029239766082,236,10,0.383928571428571,0.616071428571429,0.623188405797101,0.107784431137725,0.273809523809524,0.726190476190476,0.377049180327869,0.036697247706422,"Flow reduction"
"252","khenafou","khenafou_13",616,19,0.344155844155844,212,8,0.436666666666667,0.563333333333333,0.775147928994083,0.21,0.278145695364238,0.721854304635762,0.385321100917431,0.0204081632653061,"Flow reduction
& Fine sediment addition"
"253","khenafou","khenafou_14",580,19,0.482758620689655,280,12,0.503472222222222,0.496527777777778,1.01398601398601,0.177083333333333,0.379310344827586,0.620689655172414,0.611111111111111,0.0133333333333333,"Flow reduction
& N/P addition"
"254","khenafou","khenafou_16",544,17,0.441176470588235,240,8,0.507352941176471,0.492647058823529,1.02985074626866,0.155555555555556,0.352941176470588,0.647058823529412,0.545454545454545,0.0131578947368421,"N/P addition"
"255","khenafou","khenafou_34",756,19,0.423280423280423,320,11,0.473404255319149,0.526595744680851,0.898989898989899,0.163101604278075,0.356382978723404,0.643617021276596,0.553719008264463,0.00925925925925926,"N/P addition"
"256","khenafou","khenafou_35",452,20,0.424778761061947,192,11,0.482142857142857,0.517857142857143,0.931034482758621,0.127627627627628,0.285714285714286,0.714285714285714,0.4,0.015625,"Flow reduction
× Fine sediment addition
& N/P addition"
"257","khenafou","khenafou_36",612,18,0.38562091503268,236,9,0.443708609271523,0.556291390728477,0.797619047619048,0.164444444444444,0.298013245033113,0.701986754966887,0.424528301886792,0,"Fine sediment addition"
"258","khenafou","khenafou_37",628,16,0.439490445859873,276,8,0.461538461538462,0.538461538461538,0.857142857142857,0.121794871794872,0.346153846153846,0.653846153846154,0.529411764705882,0,"N/P addition"
"259","khenafou","khenafou_38",652,18,0.300613496932515,196,10,0.332298136645963,0.667701863354037,0.497674418604651,0.114906832298137,0.185185185185185,0.814814814814815,0.227272727272727,0,"Flow reduction
& Fine sediment addition"
"260","khenafou","khenafou_39",536,20,0.388059701492537,208,10,0.446564885496183,0.553435114503817,0.806896551724138,0.0807692307692308,0.343511450381679,0.656488549618321,0.523255813953488,0.0126582278481013,"Fine sediment addition
& N/P addition"
"261","khenafou","khenafou_40",744,20,0.306451612903226,228,10,0.369444444444444,0.630555555555556,0.585903083700441,0.188081936685289,0.226519337016575,0.773480662983425,0.292857142857143,0,"Flow reduction
& N/P addition"
"262","khenafou","khenafou_41",500,14,0.368,184,9,0.396,0.604,0.655629139072848,0.102150537634409,0.232,0.768,0.302083333333333,0,"Fine sediment addition
& N/P addition"
"263","khenafou","khenafou_42",504,19,0.357142857142857,180,11,0.402439024390244,0.597560975609756,0.673469387755102,0.115702479338843,0.24390243902439,0.75609756097561,0.32258064516129,0.0128205128205128,"Flow reduction
& N/P addition"
"264","khenafou","khenafou_44",664,16,0.427710843373494,284,10,0.451515151515152,0.548484848484848,0.823204419889503,0.128048780487805,0.272727272727273,0.727272727272727,0.375,0,"Flow reduction"
"265","khenafou","khenafou_45",740,23,0.313513513513514,232,11,0.373626373626374,0.626373626373626,0.596491228070175,0.135359116022099,0.21978021978022,0.78021978021978,0.28169014084507,0.0241935483870968,"Flow reduction"
"266","khenafou","khenafou_46",472,16,0.406779661016949,192,8,0.427966101694915,0.572033898305085,0.748148148148148,0.110169491525424,0.313559322033898,0.686440677966102,0.45679012345679,0.0142857142857143,"Flow reduction
& Fine sediment addition"
"267","khenafou","khenafou_47",456,13,0.350877192982456,160,7,0.404545454545455,0.595454545454545,0.679389312977099,0.109090909090909,0.309090909090909,0.690909090909091,0.447368421052632,0.0142857142857143,"Fine sediment addition"
"268","khenafou","khenafou_48",476,15,0.327731092436975,156,8,0.361344537815126,0.638655462184874,0.565789473684211,0.105932203389831,0.260504201680672,0.739495798319328,0.352272727272727,0.0125,"Flow reduction
× Fine sediment addition
& N/P addition"
"269","taniwaki","taniwaki_01",99,14,0.0101010101010101,1,1,0.275184275184275,0.717444717444717,0.383561643835616,0.335735735735736,0.494766194766195,0.505233805233805,0.979281650675045,0.508509700176367,"Fine sediment addition
& N/P addition"
"270","taniwaki","taniwaki_02",109,15,0.00917431192660551,1,1,0.321428571428571,0.643728222996516,0.499323410013532,0.337767923133777,0.458991482771971,0.541008517228029,0.848399735227293,0.466894841269841,"Fine sediment addition
& N/P addition"
"271","taniwaki","taniwaki_03",101,17,0.0099009900990099,1,1,0.379464285714286,0.609821428571429,0.622254758418741,0.336805555555556,0.403402777777778,0.596597222222222,0.676172738912816,0.413746438746439,"Fine sediment addition
& N/P addition"
"272","taniwaki","taniwaki_04",63,15,0.0158730158730159,1,1,0.373949579831933,0.57563025210084,0.64963503649635,0.345751633986928,0.452614379084967,0.547385620915033,0.826865671641791,0.466329966329966,"N/P addition"
"273","taniwaki","taniwaki_05",131,22,0.00763358778625954,1,1,0.316770186335404,0.670807453416149,0.472222222222222,0.310708534621578,0.441396365309409,0.558603634690591,0.790178111808916,0.447887488328665,"N/P addition"
"274","taniwaki","taniwaki_06",101,17,0.0198019801980198,2,2,0.274052478134111,0.717201166180758,0.382113821138211,0.374263038548753,0.424319727891156,0.575680272108844,0.737075332348597,0.439336372847011,"Fine sediment addition
& N/P addition"
"275","taniwaki","taniwaki_07",142,31,0.00704225352112676,1,1,0.349358974358974,0.644230769230769,0.54228855721393,0.284401709401709,0.438196988196988,0.561803011803012,0.779983337559315,0.442032570603999,"Flow reduction
× Fine sediment addition
& N/P addition"
"276","taniwaki","taniwaki_08",114,22,0.0175438596491228,2,2,0.291937229437229,0.698322510822511,0.418055017435103,0.295075757575758,0.512148268398268,0.487851731601732,1.04980311685431,0.526218820861678,"N/P addition"
"277","taniwaki","taniwaki_09",131,12,0.00763358778625954,1,1,0.329150579150579,0.659266409266409,0.499267935578331,0.383033033033033,0.431306306306306,0.568693693693694,0.758415841584158,0.443287037037037,"Flow reduction
× Fine sediment addition
& N/P addition"
"278","taniwaki","taniwaki_10",141,15,0.00709219858156028,1,1,0.336206896551724,0.663793103448276,0.506493506493506,0.303065134099617,0.44367816091954,0.55632183908046,0.797520661157025,0.45952380952381,"Flow reduction
& N/P addition"
"279","taniwaki","taniwaki_11",86,16,0,0,0,0.260869565217391,0.739130434782609,0.352941176470588,0.33804347826087,0.511490683229814,0.488509316770186,1.04704386522568,0.511490683229814,"Flow reduction
× Fine sediment addition
& N/P addition"
"280","taniwaki","taniwaki_12",144,16,0.00694444444444444,1,1,0.297619047619048,0.702380952380952,0.423728813559322,0.291071428571429,0.465986394557823,0.534013605442177,0.872611464968153,0.468398268398268,"Flow reduction
& N/P addition"
"281","taniwaki","taniwaki_13",201,25,0.00497512437810945,1,1,0.294387755102041,0.693367346938775,0.42457689477557,0.32031746031746,0.473072562358277,0.526927437641723,0.897794513179129,0.479928686450426,"N/P addition"
"282","taniwaki","taniwaki_14",63,13,0.0158730158730159,1,1,0.2578125,0.7421875,0.347368421052632,0.2921875,0.524553571428571,0.475446428571429,1.10328638497653,0.509216589861751,"Flow reduction
& N/P addition"
"283","taniwaki","taniwaki_15",82,15,0.0121951219512195,1,1,0.250457875457875,0.733058608058608,0.341661461586508,0.356730769230769,0.435363247863248,0.564636752136752,0.771050141911069,0.437363834422658,"Flow reduction
& N/P addition"
"284","taniwaki","taniwaki_16",144,15,0,0,0,0.265625,0.734375,0.361702127659574,0.288541666666667,0.464335317460317,0.535664682539682,0.86683952217798,0.464335317460317,"Flow reduction
× Fine sediment addition
& N/P addition"
"285","taniwaki","taniwaki_33",179,23,0.0111731843575419,2,2,0.267468944099379,0.723214285714286,0.36983360171766,0.27481884057971,0.525733264320221,0.474266735679779,1.10851810757226,0.529940694226409,"Flow reduction"
"286","taniwaki","taniwaki_34",156,21,0.0192307692307692,3,1,0.349206349206349,0.634920634920635,0.55,0.300617283950617,0.472472075249853,0.527527924750147,0.895634246231856,0.491861188920012,"Fine sediment addition"
"287","taniwaki","taniwaki_35",117,23,0.0256410256410256,3,2,0.385714285714286,0.588571428571429,0.655339805825243,0.284666666666667,0.35381746031746,0.64618253968254,0.547550326090962,0.362607473544974,"Fine sediment addition"
"288","taniwaki","taniwaki_36",113,16,0,0,0,0.341836734693878,0.658163265306122,0.51937984496124,0.302721088435374,0.445351473922903,0.554648526077097,0.802943581357318,0.445351473922903,"Flow reduction
& Fine sediment addition"
"289","taniwaki","taniwaki_37",99,17,0.0101010101010101,1,1,0.287605042016807,0.699789915966387,0.410987691383969,0.280882352941176,0.470903361344538,0.529096638655462,0.890013897161009,0.476515151515152,"Flow reduction"
"290","taniwaki","taniwaki_38",120,21,0.00833333333333333,1,1,0.330357142857143,0.651785714285714,0.506849315068493,0.312847222222222,0.439236111111111,0.560763888888889,0.78328173374613,0.441489361702128,"Flow reduction
& Fine sediment addition"
"291","taniwaki","taniwaki_40",138,18,0.0289855072463768,4,2,0.291033434650456,0.699848024316109,0.41585233441911,0.326950354609929,0.483848362039851,0.516151637960149,0.937415144030229,0.49126121463078,"Fine sediment addition"
"292","taniwaki","taniwaki_42",88,18,0.0454545454545455,4,1,0.303683737646002,0.688230008984726,0.441253263707572,0.35440251572327,0.434673554956574,0.565326445043426,0.768889477518045,0.442946226109491,"Fine sediment addition"
"293","taniwaki","taniwaki_43",194,21,0.00515463917525773,1,1,0.301648351648352,0.685164835164835,0.440256615878107,0.319230769230769,0.490586080586081,0.509413919413919,0.963040195584957,0.496019345238095,"Flow reduction"
"294","taniwaki","taniwaki_45",85,13,0.0352941176470588,3,3,0.252702702702703,0.747297297297297,0.338155515370705,0.281981981981982,0.491806091806092,0.508193908193908,0.967752827958805,0.483174603174603,"Flow reduction"
"295","taniwaki","taniwaki_46",97,14,0.0103092783505155,1,1,0.346273291925466,0.644409937888199,0.537349397590361,0.340217391304348,0.427079020013803,0.572920979986197,0.745441404544291,0.433395061728395,"Flow reduction
& Fine sediment addition"
"296","taniwaki","taniwaki_47",136,14,0.00735294117647059,1,1,0.302536231884058,0.697463768115942,0.433766233766234,0.393840579710145,0.471980676328502,0.528019323671498,0.893870082342177,0.475061728395062,"Flow reduction
& Fine sediment addition"
