"","Treatment","Metric","mu","se","ll","ul","I2","n"
"1","Flow reduction
& Fine sediment
addition","EPT (abundance)",-1.1896,0.8128,-2.7562,0.0696,0.0174,6
"2","Flow reduction
& Fine sediment
addition","% EPT",-1.1769,0.8066,-2.731,0.0822,0.0167,6
"3","Flow reduction
& Fine sediment
addition","EPT (number taxa)",-0.617,0.2525,-1.0432,-0.0108,0.0132,6
"4","Flow reduction
& Fine sediment
addition","% Lotic",-0.8227,0.5728,-1.8947,0.1413,0.0164,6
"5","Flow reduction
& Fine sediment
addition","Fast/Slow flow (adapt., ratio)",-0.828,0.559,-1.8711,0.1141,0.0176,6
"6","Flow reduction
& Fine sediment
addition","% Gill breather",-0.4443,0.4318,-1.2637,0.2201,0.0191,6
"7","Flow reduction
& Fine sediment
addition","Gils/Tegument (ratio)",-0.4358,0.3996,-1.1697,0.1924,0.0214,6
"8","Flow reduction
& Fine sediment
addition","Non EPT fast flow (adapt., rel. abd.)",-0.6415,0.3685,-1.3781,0.1244,0.0226,6
"9","Flow reduction
& Fine sediment
addition","% Scraper",-0.3377,0.3044,-0.8742,0.1469,0.0212,6
"10","Flow reduction
& Fine sediment
addition","Slow flow adapt. (rel. abundance)",-0.2237,0.3296,-0.8432,0.2174,0.0221,6
"11","Flow reduction
& Fine sediment
addition","Tot. richness",-0.5103,0.2328,-0.9052,0.0231,0.0216,6
"12","Flow reduction
& Fine sediment
addition","Tagument (rel. abundance)",-0.325,0.3676,-0.957,0.2065,0.0251,6
"13","Flow reduction
& Fine sediment
addition","Tot. abundance",-0.4905,0.2808,-0.9353,0.0985,0.0208,6
"14","Flow reduction
& Fine sediment
addition
& N/P addition","EPT (abundance)",-0.8869,0.6776,-2.2127,0.1959,0.0188,4
"15","Flow reduction
& Fine sediment
addition
& N/P addition","% EPT",-0.8746,0.7395,-2.5784,0.1323,0.0168,4
"16","Flow reduction
& Fine sediment
addition
& N/P addition","EPT (number taxa)",-0.6613,0.3262,-1.2451,0.071,0.0067,4
"17","Flow reduction
& Fine sediment
addition
& N/P addition","% Lotic",-0.6953,0.6486,-2.0722,0.237,0.0054,4
"18","Flow reduction
& Fine sediment
addition
& N/P addition","Fast/Slow flow (adapt., ratio)",-0.6383,0.5996,-1.8751,0.2064,0.0176,4
"19","Flow reduction
& Fine sediment
addition
& N/P addition","% Gill breather",-0.4045,0.4224,-1.1465,0.2406,0.0165,4
"20","Flow reduction
& Fine sediment
addition
& N/P addition","Gils/Tegument (ratio)",-0.4,0.4151,-1.1076,0.2367,0.0153,4
"21","Flow reduction
& Fine sediment
addition
& N/P addition","Non EPT fast flow (adapt., rel. abd.)",-0.4913,0.4149,-1.2681,0.205,0.0161,4
"22","Flow reduction
& Fine sediment
addition
& N/P addition","% Scraper",-0.331,0.3703,-0.9583,0.2001,0.0208,4
"23","Flow reduction
& Fine sediment
addition
& N/P addition","Slow flow adapt. (rel. abundance)",-0.3736,0.4525,-1.2825,0.2426,0.0213,4
"24","Flow reduction
& Fine sediment
addition
& N/P addition","Tot. richness",-0.484,0.2879,-0.939,0.1109,0.0207,4
"25","Flow reduction
& Fine sediment
addition
& N/P addition","Tagument (rel. abundance)",-0.4125,0.4414,-1.3608,0.2333,0.0223,4
"26","Flow reduction
& Fine sediment
addition
& N/P addition","Tot. abundance",-0.5738,0.3229,-1.0936,0.0998,0.0175,4
"27","Fine sediment
addition
& N/P addition","EPT (abundance)",-1.234,0.5952,-2.3664,0.0593,0.0208,8
"28","Fine sediment
addition
& N/P addition","% EPT",-0.8535,0.5326,-1.8752,0.0847,0.0144,8
"29","Fine sediment
addition
& N/P addition","EPT (number taxa)",-0.3902,0.2372,-0.7921,0.0705,0.0107,8
"30","Fine sediment
addition
& N/P addition","% Lotic",-0.8815,0.4707,-1.8202,0.0076,0.0133,8
"31","Fine sediment
addition
& N/P addition","Fast/Slow flow (adapt., ratio)",-0.874,0.4863,-1.7978,0.0556,0.0192,8
"32","Fine sediment
addition
& N/P addition","% Gill breather",-0.3965,0.2505,-0.8171,0.0913,0.015,8
"33","Fine sediment
addition
& N/P addition","Gils/Tegument (ratio)",-0.355,0.2498,-0.7774,0.1113,0.0174,8
"34","Fine sediment
addition
& N/P addition","Non EPT fast flow (adapt., rel. abd.)",-0.5934,0.2898,-1.0844,0.0493,0.0169,8
"35","Fine sediment
addition
& N/P addition","% Scraper",-0.469,0.2617,-0.9064,0.0666,0.0226,8
"36","Fine sediment
addition
& N/P addition","Slow flow adapt. (rel. abundance)",-0.1638,0.3001,-0.7522,0.2472,0.0222,8
"37","Fine sediment
addition
& N/P addition","Tot. richness",-0.3738,0.2635,-0.8239,0.1141,0.0235,8
"38","Fine sediment
addition
& N/P addition","Tagument (rel. abundance)",-0.0238,0.171,-0.4293,0.2374,0.0232,8
"39","Fine sediment
addition
& N/P addition","Tot. abundance",-0.6596,0.2478,-1.1093,-0.0477,0.0183,8
"40","Fine sediment
addition","EPT (abundance)",-1.1906,0.5982,-2.3797,-0.0056,0.017,12
"41","Fine sediment
addition","% EPT",-1.0582,0.6517,-2.4523,0.0791,0.0214,12
"42","Fine sediment
addition","EPT (number taxa)",-0.4404,0.2127,-0.8077,0.0176,0.0195,12
"43","Fine sediment
addition","% Lotic",-1.2612,0.5688,-2.4882,-0.2831,0.0156,12
"44","Fine sediment
addition","Fast/Slow flow (adapt., ratio)",-1.2996,0.5017,-2.2055,-0.3356,0.0184,12
"45","Fine sediment
addition","% Gill breather",-0.6347,0.3238,-1.2594,0.0761,0.0188,12
"46","Fine sediment
addition","Gils/Tegument (ratio)",-0.5738,0.2968,-1.0726,0.081,0.0189,12
"47","Fine sediment
addition","Non EPT fast flow (adapt., rel. abd.)",-0.8792,0.3455,-1.6872,-0.3247,0.0199,12
"48","Fine sediment
addition","% Scraper",-0.6319,0.2508,-1.0545,0.002,0.02,12
"49","Fine sediment
addition","Slow flow adapt. (rel. abundance)",-0.0884,0.2482,-0.6462,0.2451,0.0167,12
"50","Fine sediment
addition","Tot. richness",-0.3905,0.1889,-0.7072,0.0327,0.0164,12
"51","Fine sediment
addition","Tagument (rel. abundance)",-0.0572,0.2085,-0.5514,0.2429,0.0165,12
"52","Fine sediment
addition","Tot. abundance",-0.3056,0.2484,-0.7491,0.1205,0.0178,12
"53","Flow reduction","EPT (abundance)",-0.2778,0.2404,-0.7151,0.1218,0.0185,9
"54","Flow reduction","% EPT",-0.4445,0.2769,-0.8792,0.1157,0.0168,9
"55","Flow reduction","EPT (number taxa)",-0.2248,0.229,-0.6649,0.1387,0.0176,9
"56","Flow reduction","% Lotic",-0.3184,0.3065,-0.8566,0.1582,0.0158,9
"57","Flow reduction","Fast/Slow flow (adapt., ratio)",-0.3085,0.3023,-0.8391,0.1613,0.0174,9
"58","Flow reduction","% Gill breather",-0.3081,0.2971,-0.8467,0.1443,0.0176,9
"59","Flow reduction","Gils/Tegument (ratio)",-0.3166,0.292,-0.848,0.1404,0.0181,9
"60","Flow reduction","Non EPT fast flow (adapt., rel. abd.)",-0.2875,0.3164,-0.8422,0.1716,0.0171,9
"61","Flow reduction","% Scraper",-0.0858,0.2121,-0.5681,0.2183,0.0162,9
"62","Flow reduction","Slow flow adapt. (rel. abundance)",-0.1364,0.245,-0.659,0.2235,0.0174,9
"63","Flow reduction","Tot. richness",-0.107,0.1742,-0.473,0.1685,0.0175,9
"64","Flow reduction","Tagument (rel. abundance)",-0.1695,0.268,-0.7165,0.2058,0.0165,9
"65","Flow reduction","Tot. abundance",-0.0349,0.1643,-0.4164,0.2264,0.015,9
"66","Flow reduction
& N/P addition","EPT (abundance)",-0.434,0.346,-0.974,0.1753,0.0194,5
"67","Flow reduction
& N/P addition","% EPT",-0.4209,0.3517,-0.9744,0.165,0.0147,5
"68","Flow reduction
& N/P addition","EPT (number taxa)",-0.2576,0.259,-0.7262,0.1562,0.0244,5
"69","Flow reduction
& N/P addition","% Lotic",-0.6219,0.5299,-1.7358,0.147,0.0211,5
"70","Flow reduction
& N/P addition","Fast/Slow flow (adapt., ratio)",-0.589,0.4734,-1.6418,0.1389,0.0204,5
"71","Flow reduction
& N/P addition","% Gill breather",-0.3049,0.3567,-0.8965,0.1955,0.0226,5
"72","Flow reduction
& N/P addition","Gils/Tegument (ratio)",-0.3103,0.3393,-0.894,0.1994,0.024,5
"73","Flow reduction
& N/P addition","Non EPT fast flow (adapt., rel. abd.)",-0.5042,0.3711,-1.128,0.1679,0.0241,5
"74","Flow reduction
& N/P addition","% Scraper",-0.1841,0.3137,-0.7825,0.2171,0.0226,5
"75","Flow reduction
& N/P addition","Slow flow adapt. (rel. abundance)",-0.3076,0.4144,-1.0098,0.2384,0.0208,5
"76","Flow reduction
& N/P addition","Tot. richness",-0.4581,0.2897,-0.9253,0.0945,0.022,5
"77","Flow reduction
& N/P addition","Tagument (rel. abundance)",-0.3178,0.3385,-0.9164,0.1797,0.0217,5
"78","Flow reduction
& N/P addition","Tot. abundance",-0.3161,0.2714,-0.7968,0.1402,0.0146,5
"79","N/P addition","EPT (abundance)",-0.3442,0.2211,-0.7328,0.068,0.0161,9
"80","N/P addition","% EPT",-0.4188,0.2227,-0.8173,0.0328,0.0215,9
"81","N/P addition","EPT (number taxa)",-0.0739,0.1808,-0.4866,0.1917,0.0193,9
"82","N/P addition","% Lotic",-0.5937,0.205,-1.002,-0.157,0.0161,9
"83","N/P addition","Fast/Slow flow (adapt., ratio)",-0.6031,0.2143,-1.021,-0.1305,0.0181,9
"84","N/P addition","% Gill breather",-0.2667,0.2292,-0.6892,0.11,0.0188,9
"85","N/P addition","Gils/Tegument (ratio)",-0.2639,0.2295,-0.6804,0.1173,0.0188,9
"86","N/P addition","Non EPT fast flow (adapt., rel. abd.)",-0.5011,0.2206,-0.8945,-0.0125,0.0199,9
"87","N/P addition","% Scraper",-0.1288,0.1951,-0.5561,0.1617,0.0203,9
"88","N/P addition","Slow flow adapt. (rel. abundance)",0.0141,0.1701,-0.4102,0.299,0.0182,9
"89","N/P addition","Tot. richness",-0.0104,0.1407,-0.3169,0.2362,0.0178,9
"90","N/P addition","Tagument (rel. abundance)",0.0039,0.131,-0.262,0.2507,0.0178,9
"91","N/P addition","Tot. abundance",-0.0572,0.1628,-0.4319,0.1996,0.019,9
